comment_id,post_id,debate_group,comment_user_name,commented_user_name,comment_body,comment_score,preprocessed_comment,NRC,BERT,sentiment_neg,sentiment_neut,sentiment_pos
ki3k2mh,197vo6o,1,SurprysE,Odd_Sentence_2618,"BOIA SI! Basta guardare da dove sono registrati gli account di provenienza, strano che la Ferragni vada molto in India (all'epoca quando scoprii questa cosa).",11,BOIA SI bastare guardare registrato account provenienza strano Ferragni andare molto India a il epoca quando scoprii cosa,"['negative', 'disgust']",sentiment_neut,0.22270273,0.7248055,0.05249179
ki5i0gd,197vo6o,1,SurprysE,the_white_cloud,"Non fa una grinza, ma metti in movimento il tuo profilo rendendolo più appetibile all'algoritmo in modo da portarlo più su nei contenuti che quotidianamente vedi.",1,non fare grinza metti movimento profilo rendendolo più appetibile a il algoritmo modo portare lo più contenuto quotidianamente vedere,"['neutral', 'none']",sentiment_neut,0.22270273,0.7248055,0.05249179
ki4y2a5,197vo6o,1,SurprysE,the_white_cloud,"Sono bot che fanno un minimo di attività per evitare di essere bannati dalla piattaforma,",1,essere bot minimo attività evitare essere bannare piattaforma,"['negative', 'fear']",sentiment_neut,0.22270273,0.7248055,0.05249179
ki3r883,197vo6o,1,theseawillclaim,zombilives,"Ma immagino, anche il suo brand è sempre in rosso (nonostante i negozi in centro città e posti strategici), e non riesco a capire perché qualcuno dovrebbe comprare una pizza surgelata (prodotto a caso, ma nemmeno troppo distante da quelli che lei ha promosso) giusto perché c’è il suo nome sopra. (A meno che non si metta in mezzo la beneficenza, ma qui…)",12,ma immagare Brand sempre rosso nonostante negozio centro città posto strategico non riesco capire qualcuno dovere comprare pizza surgelato produrre caso nemmeno troppo distante promuovere giusto ’ nome sopra A meno non mettere mezzo beneficenza qui …,"['positive', 'anticipation']",sentiment_neut,0.22270273,0.7248055,0.05249179
ki3rgah,197vo6o,1,zombilives,theseawillclaim,"ma infatti è quello che dico io, è allucinante quanti polli ci siano e come questa gente ci guadagni da paura, per poi pontificare dall'alto dei 20 milioni all'anno più tutto quello che già hanno su migranti , su parità e cazzate del genere",6,infatti dire allucinante pollo gente guadagnare paurare poi pontificare da il alto 20 milione a il anno più già migrante parità cazzare genere,"['positive', 'fear']",sentiment_neut,0.22270273,0.7248055,0.05249179
ki3pxf1,197vo6o,1,zombilives,theseawillclaim,infatti se ricordo bene la collaborazione della signora con Tods mi pare non sia servita a nulla anche se era pompata a mille dai giornali...,8,infatti ricordare bene collaborazione signore Tods parere non servitare nulla pompare mille giornale ...,"['positive', 'trust']",sentiment_neut,0.22270273,0.7248055,0.05249179
ki3pi87,197vo6o,1,zombilives,David0ne86,vero o LMAO,2,vero LMAO,"['positive', 'none']",sentiment_neut,0.22270273,0.7248055,0.05249179
ki3pfur,197vo6o,1,zombilives,SuperCrazyAlbatross,ma tanto tutte le cose stile charity non vanno mai a finire in beneficenza su internet.. basta il caso creator clash (idubbz e anisah) e the completionist( jirard),1,tanto tutto cosa stile charity non andare mai finire beneficenza internet .. bastare caso creator clash idubbz anisah the completionist Jirard,"['negative', 'fear']",sentiment_neut,0.22270273,0.7248055,0.05249179
ki3porw,197vo6o,1,zombilives,Lassemb,e si lei e il marito fanno i comunisti col richard mille,7,marito comunista richard mille,"['negative', 'none']",sentiment_neut,0.22270273,0.7248055,0.05249179
ki3is7m,197vo6o,1,David0ne86,Odd_Sentence_2618,"si beh, ci siam capiti lol

\*Paesello da 200 persone dove tutti sanno tutto di tutti anche quante volte tizio caga al giorno e l'ora\* ""nono, non sapevamo vivesse qui!""

LOL",17,Beh Siam capire lol Paesello 200 persona sapere volgere tizio cagare giorno il ora ne non sapevamo vivesse qui LOL,"['neutral', 'none']",sentiment_neut,0.22270273,0.7248055,0.05249179
ki4kihd,197vo6o,1,David0ne86,non_saprei,Non di caffè?,0,non caffè,"['neutral', 'none']",sentiment_neut,0.22270273,0.7248055,0.05249179
ki3iqx6,197vo6o,1,Odd_Sentence_2618,SurprysE,"La novità è che hanno pubblicato la ""notizia"". I followers li compri un tanto al kg. Ci sono agenzie create solo per quello.",50,il novità pubblicare notizia il followers comprare tanto kg ci agenzia creare solo,"['neutral', 'none']",sentiment_neut,0.22270273,0.7248055,0.05249179
ki3ihev,197vo6o,1,Odd_Sentence_2618,David0ne86,O perchè il boss deve pagarsi la chemio e se la fa pagare dallo stato.,13,o perché boss dovere pagare si chemio fare pagare stato,"['positive', 'anticipation']",sentiment_neut,0.22270273,0.7248055,0.05249179
ki3ix57,197vo6o,1,Odd_Sentence_2618,MenIntendo,"Poi anni dopo, ti raduni ad Acca Laurentia e ti spari i greatest hits delle cagate che ha detto in versione nostalgica, alzando il braccio e inneggiando ai bei tempi (quando i treni andavano in orario o menate simili) come ad un concerto dei Rolling Stones.",4,poi anno dopo raduno Acca Laurentia sparare greatest hits cagato dire versione nostalgico alzare braccio inneggiare bello tempo quando treno andare orario menato simile concerto Rolling Stones,"['negative', 'sadness']",sentiment_neut,0.22270273,0.7248055,0.05249179
ki3p24r,197vo6o,1,RoninSennin,David0ne86,"È quello che ho pensato anche io, sembra che abbia pestato il piede sbagliato",2,essere pensare sembrare pestato piede sbagliato,"['negative', 'none']",sentiment_neut,0.22270273,0.7248055,0.05249179
ki3dgnt,197vo6o,1,Lassemb,MenIntendo,"Non seguo la Ferragni quindi non so con certezza, forse ha parlato male del presidente?",-4,non seguo Ferragni quindi non sapere certezza forse parlare male presidente,"['positive', 'trust']",sentiment_neut,0.22270273,0.7248055,0.05249179
ki3h2cq,197vo6o,1,a66o,David0ne86,"Esattamente. Quando si dice tanto fumo poco arrosto, ecco in questo caso é tutto solo fumo e si sono un po' rotti il cazzo. Ahahahaha",1,esattamente quando dire tanto fumo poco arrosto ecco caso é solo fumo po rotto cazzo Ahahahaha,"['negative', 'fear']",sentiment_neut,0.22270273,0.7248055,0.05249179
ki3ix4f,197vo6o,1,Solid-Bonus-8376,David0ne86,"Non preoccupatevi riusciranno comunque a ""personalizzare"" la faccenda bastonando solo la Ferragni, i media eviteranno di fare tutti quei discorsi di ""guerra psicologica"" che viviamo ogni giorno, come ad esempio appunto il fatto che i profili falsi sui social sono un potenziale strumento di controllo, perché se fatto bene possono impiantare nella testa delle persone che arrivano a quel profilo l'idea che ciò che propone il profilo vada quantomeno ascoltato invece che doomscrollato, come succede coi profili 2k followers, è così anche con gli artisti. Anche i profili dei politici sono pieni di questi profili falsi, è evidente dunque che questi strumenti di controllo sono molti più di quanto pensiamo e li stanno già da tempo usando contro di noi",64,non preoccupatevo riuscire comunque personalizzare faccenda bastonare solo Ferragni medio evitniee fare quello discorso guerra psicologico viviamo ogni giorno esempio appunto fare profilo falso social potenziale strumento controllo fare bene potere impiantare testa persona arrivare quello profilo il idea ciò proporre profilo andare quantomeno ascoltare invece doomscrollare succedere profilo 2k followers così artista Anche profilo politico pieno profilo falso evidente dunque strumento controllo molto più pensare già tempo usare,"['neutral', 'anticipation']",sentiment_neut,0.22270273,0.7248055,0.05249179
ki3jyd6,197vo6o,1,Phedericus,Odd_Sentence_2618,"esatto, questo vale per tutti quelli con grossi numeri sui social. una buona % sono falsi, alcuni neanche li devi comprare. si sottovaluta tantissimo il numero di bot su internet.",26,esatto valere grosso numero social buono falso alcuno neanche dovere comprare sottovaluto tanto numero bot internet,"['negative', 'anger']",sentiment_neut,0.22270273,0.7248055,0.05249179
ki4ggwv,197vo6o,1,Phedericus,the_white_cloud,"totally. 1/3 é una percentuale molto alta, però sí funziona così.",1,totally 1/3 é percentuale molto alto però sí funzionare così,"['neutral', 'none']",sentiment_neut,0.22270273,0.7248055,0.05249179
ki4fvfm,197vo6o,1,kwere98,RoninSennin,"Lui era già ricco, streamma dalla villa del papi a Lugano",3,lui già ricco streamma villa papi Lugano,"['neutral', 'none']",sentiment_neut,0.22270273,0.7248055,0.05249179
ki45vvt,197vo6o,1,non_saprei,David0ne86,"
>Avra' fatto girare i coglioni alla persona sbagliata.

Avrà fatto qualche sgarro a qualche industria di pandoro",2,avra fare girare coglione persona sbagliato Avrà fare qualche sgarro qualche industria pandoro,"['negative', 'none']",sentiment_neut,0.22270273,0.7248055,0.05249179
ki3ddgg,197vo6o,1,MenIntendo,Lassemb,Vendetta di cosa?,8,Vendetta cosa,"['negative', 'anger']",sentiment_neut,0.22270273,0.7248055,0.05249179
ki52ff2,197vo6o,1,the_white_cloud,SurprysE,"Non voglio essere brusco o maleducato, ma davvero la finalità mi interessa poco. Quello che intendevo dire è che se io, un signor nessuno, posso avere i follower falsi che nemmeno voglio, figuriamoci chi potrebbe volerne.",4,non volere essere brusco maleducare davvero finalità interessare poco quello intendere dire signore nessuno potere avere follower falso nemmeno volere figuriamoce potere volere ne,"['negative', 'anger']",sentiment_neut,0.22270273,0.7248055,0.05249179
ki41dfj,197vo6o,1,the_white_cloud,Phedericus,"Ma se perfino il mio account Twitter di cui non ricordo nemmeno la password e su cui non pubblico nulla ha dei follower... Li scopro ogni volta che cambio la password, 30 follower in più. Boh. Mai scritto nulla, mai ritwittato, mai risposto, mai un like... Ovvio che siano tutti falsi. Ora, vuoi che un account Twitter con una minima fama non abbia una percentuale di follower falsi?",10,ma perfino account Twitter non ricordare nemmeno password non pubblico nulla followerre . li scoprare ogni volta cambio password 30 followerre più Boh Mai scrivere nulla mai ritwittare mai rispondere mai like ... Ovvio falso ora volere account Twitter minimo fama non percentuale followerre falso,"['neutral', 'anger']",sentiment_neut,0.22270273,0.7248055,0.05249179
kifokia,197vo6o,1,StringBlacker,kwere98,Falso svizzero di merda,1,Falso svizzero merdare,"['negative', 'anger']",sentiment_neut,0.22270273,0.7248055,0.05249179
ki3mz16,197vo6o,1,Zoo_M-0,MenIntendo,Vendetta vera,12,vendetta vero,"['neutral', 'anger']",sentiment_neut,0.22270273,0.7248055,0.05249179
